<launch>
  <executable cmd="python3 xarmserver.py" cwd="/home/robot/ros2jazzy/.ros2jazzysetup/u2d2server" />
  <node pkg="wx250s" exec="joint_ptp" name="joint_ptp" />
  <node pkg="wx250s" exec="joint_state" name="joint_state" />
  <node pkg="wx250s" exec="homing" name="homing" />
  <node pkg="wx250s" exec="grip" name="grip" />
  <node pkg="wx250s" exec="joint_pose" name="joint_pose" />
  <node pkg="wx250s" exec="cartesian_ptp" name="cartesian_ptp" />
  <node pkg="wx250s" exec="pick_and_place" name="pick_and_place" />
</launch>
